matchID,team1_ID,team2_ID,date,tournament,gk_saves_T1,red_card_T1,yellow_card_T1,assists_T1,shots_T1,shots_against_T1,shots_on_target_T1,passes_T1,goals_T1,goals_against_T1,ball_possession_T1,pass_acc_T1,gk_acc_T1,shot_acc_T1,winner
2058017,4418,9598,2018-07-15 17:00:00-02:00,World_Cup,1.0,0.0,2.0,0.0,8,14,6.0,186,4.0,2.0,0.3024390243902439,0.7717842323651453,0.3333333333333333,0.75,1
2058016,5629,2413,2018-07-14 16:00:00-02:00,World_Cup,6.0,0.0,1.0,2.0,11,14,4.0,427,2.0,0.0,0.41862745098039217,0.8804123711340206,1.0,0.36363636363636365,1
2058015,9598,2413,2018-07-11 20:00:00-02:00,World_Cup,1.0,0.0,2.0,2.0,22,11,7.0,470,2.0,1.0,0.5595238095238095,0.7899159663865546,0.5,0.3181818181818182,1
2058014,4418,5629,2018-07-10 20:00:00-02:00,World_Cup,2.0,0.0,2.0,1.0,18,9,5.0,282,1.0,0.0,0.34516523867809057,0.889589905362776,1.0,0.2777777777777778,1
2058012,14358,9598,2018-07-07 20:00:00-02:00,World_Cup,1.0,0.0,1.0,1.0,11,17,6.0,274,2.0,2.0,0.315668202764977,0.7548209366391184,0.3333333333333333,0.5454545454545454,0
2058013,7047,2413,2018-07-07 16:00:00-02:00,World_Cup,0.0,0.0,2.0,0.0,7,11,3.0,280,0.0,2.0,0.41055718475073316,0.8115942028985508,0.0,0.42857142857142855,0
2058011,6380,5629,2018-07-06 20:00:00-02:00,World_Cup,2.0,0.0,2.0,1.0,25,8,9.0,437,1.0,2.0,0.5897435897435898,0.8775100401606426,0.5,0.36,0
2058010,15670,4418,2018-07-06 16:00:00-02:00,World_Cup,0.0,0.0,2.0,0.0,9,9,3.0,227,0.0,2.0,0.35248447204968947,0.7467105263157895,0.0,0.3333333333333333,0
2058009,12430,2413,2018-07-03 20:00:00-02:00,World_Cup,1.0,0.0,6.0,1.0,13,15,4.0,406,1.0,1.0,0.4704519119351101,0.8169014084507042,0.5,0.3076923076923077,0
2058008,7047,6697,2018-07-03 16:00:00-02:00,World_Cup,4.0,0.0,1.0,1.0,12,17,3.0,192,1.0,0.0,0.2874251497005988,0.7773279352226721,1.0,0.25,1
2058007,5629,12913,2018-07-02 20:00:00-02:00,World_Cup,4.0,0.0,0.0,2.0,24,9,7.0,501,3.0,2.0,0.570615034168565,0.8758741258741258,0.6666666666666666,0.2916666666666667,1
2058006,6380,15473,2018-07-02 16:00:00-02:00,World_Cup,1.0,0.0,2.0,1.0,18,12,10.0,302,2.0,0.0,0.4646153846153846,0.8507042253521127,1.0,0.5555555555555556,1
2058005,9598,7712,2018-07-01 20:00:00-02:00,World_Cup,2.0,0.0,0.0,0.0,21,15,6.0,499,1.0,1.0,0.5406283856988082,0.8358458961474037,0.6666666666666666,0.2857142857142857,1
2058004,1598,14358,2018-07-01 16:00:00-02:00,World_Cup,0.0,0.0,1.0,0.0,22,6,9.0,994,1.0,1.0,0.834592779177162,0.922077922077922,0.0,0.4090909090909091,0
2058002,15670,9905,2018-06-30 20:00:00-02:00,World_Cup,3.0,0.0,0.0,2.0,7,19,3.0,185,2.0,1.0,0.2890625,0.7773109243697479,0.75,0.42857142857142855,1
2058003,4418,12274,2018-06-30 16:00:00-02:00,World_Cup,1.0,0.0,3.0,1.0,8,10,4.0,290,4.0,3.0,0.4084507042253521,0.8656716417910447,0.25,0.5,1
2057994,2413,5629,2018-06-28 20:00:00-02:00,World_Cup,2.0,0.0,0.0,0.0,10,13,1.0,393,0.0,1.0,0.45591647331786544,0.8694690265486725,0.6666666666666666,0.1,0
2057995,17929,16276,2018-06-28 20:00:00-02:00,World_Cup,5.0,0.0,3.0,0.0,8,15,4.0,200,1.0,2.0,0.2801120448179272,0.7874015748031497,0.7142857142857143,0.5,0
2058000,12913,13869,2018-06-28 16:00:00-02:00,World_Cup,2.0,0.0,1.0,0.0,8,10,3.0,474,0.0,1.0,0.558303886925795,0.8960302457466919,0.6666666666666666,0.375,0
2058001,19314,12430,2018-06-28 16:00:00-02:00,World_Cup,1.0,0.0,1.0,0.0,7,4,3.0,219,0.0,1.0,0.38488576449912126,0.8171641791044776,0.5,0.42857142857142855,0
2057982,17322,6380,2018-06-27 20:00:00-02:00,World_Cup,4.0,0.0,3.0,0.0,10,14,2.0,356,0.0,2.0,0.3986562150055991,0.839622641509434,0.6666666666666666,0.2,0
2057989,15473,7047,2018-06-27 16:00:00-02:00,World_Cup,3.0,0.0,3.0,0.0,19,14,3.0,382,0.0,3.0,0.71939736346516,0.8507795100222717,0.5,0.15789473684210525,0
2057988,14855,3148,2018-06-27 16:00:00-02:00,World_Cup,6.0,0.0,4.0,1.0,11,25,5.0,181,2.0,0.0,0.23027989821882952,0.8080357142857143,1.0,0.45454545454545453,1
2057976,16823,12274,2018-06-26 20:00:00-02:00,World_Cup,2.0,0.0,2.0,0.0,9,7,3.0,191,1.0,2.0,0.2942989214175655,0.7892561983471075,0.5,0.3333333333333333,0
2057977,7839,9598,2018-06-26 20:00:00-02:00,World_Cup,0.0,0.0,3.0,0.0,17,12,6.0,222,1.0,2.0,0.334841628959276,0.7900355871886121,0.0,0.35294117647058826,0
2057971,8493,15594,2018-06-26 16:00:00-02:00,World_Cup,1.0,0.0,4.0,0.0,13,4,2.0,446,0.0,2.0,0.5747422680412371,0.87109375,0.3333333333333333,0.15384615384615385,0
2057959,16521,16129,2018-06-25 16:00:00-02:00,World_Cup,0.0,0.0,0.0,1.0,22,7,6.0,559,2.0,1.0,0.6686602870813397,0.884493670886076,0.0,0.2727272727272727,1
2057958,15670,14358,2018-06-25 16:00:00-02:00,World_Cup,1.0,0.0,1.0,0.0,14,3,6.0,405,3.0,0.0,0.599112426035503,0.869098712446352,1.0,0.42857142857142855,1
2057998,13869,12430,2018-06-24 20:00:00-02:00,World_Cup,1.0,0.0,2.0,0.0,7,13,2.0,330,0.0,3.0,0.44235924932975873,0.8188585607940446,0.25,0.2857142857142857,0
2057993,2413,17929,2018-06-24 14:00:00-02:00,World_Cup,1.0,0.0,1.0,3.0,12,7,7.0,527,6.0,1.0,0.6120789779326364,0.9427549194991055,0.5,0.5833333333333334,1
2057986,3148,7047,2018-06-23 20:00:00-02:00,World_Cup,4.0,1.0,2.0,0.0,17,6,5.0,602,2.0,1.0,0.7973509933774835,0.887905604719764,0.8,0.29411764705882354,1
2057987,14855,15473,2018-06-23 17:00:00-02:00,World_Cup,2.0,0.0,4.0,0.0,17,12,6.0,267,1.0,2.0,0.3997005988023952,0.8140243902439024,0.5,0.35294117647058826,0
2057992,5629,16276,2018-06-23 14:00:00-02:00,World_Cup,3.0,0.0,0.0,4.0,23,12,12.0,358,5.0,2.0,0.5056497175141242,0.8384074941451991,0.6,0.5217391304347826,1
2057981,17322,6697,2018-06-22 20:00:00-02:00,World_Cup,3.0,0.0,4.0,1.0,11,19,3.0,228,1.0,2.0,0.3470319634703196,0.8201438848920863,0.6,0.2727272727272727,0
2057975,16823,7839,2018-06-22 17:00:00-02:00,World_Cup,3.0,0.0,1.0,1.0,16,9,4.0,394,2.0,0.0,0.6365105008077544,0.8565217391304348,1.0,0.25,1
2057980,6380,16871,2018-06-22 14:00:00-02:00,World_Cup,0.0,0.0,2.0,2.0,21,3,9.0,635,2.0,0.0,0.7586618876941458,0.9176300578034682,0.0,0.42857142857142855,1
2057974,12274,9598,2018-06-21 20:00:00-02:00,World_Cup,2.0,0.0,3.0,0.0,10,14,3.0,393,0.0,3.0,0.6009174311926605,0.8256302521008403,0.4,0.3,0
2057968,4418,15594,2018-06-21 17:00:00-02:00,World_Cup,2.0,0.0,2.0,0.0,12,10,4.0,304,1.0,0.0,0.4198895027624309,0.8194070080862533,1.0,0.3333333333333333,1
2057963,10840,1598,2018-06-20 20:00:00-02:00,World_Cup,2.0,0.0,2.0,0.0,5,15,0.0,145,0.0,1.0,0.1751207729468599,0.7213930348258707,0.6666666666666666,0.0,0
2057957,15670,16521,2018-06-20 17:00:00-02:00,World_Cup,3.0,0.0,0.0,1.0,14,8,4.0,410,1.0,0.0,0.45964125560538116,0.8668076109936576,1.0,0.2857142857142857,1
2057962,9905,16216,2018-06-20 14:00:00-02:00,World_Cup,4.0,0.0,1.0,1.0,10,16,2.0,286,1.0,0.0,0.4393241167434716,0.7922437673130194,1.0,0.2,1
2057956,14358,16129,2018-06-19 20:00:00-02:00,World_Cup,0.0,0.0,1.0,2.0,12,13,4.0,311,3.0,1.0,0.47192716236722304,0.8077922077922078,0.0,0.3333333333333333,1
2057996,13869,19314,2018-06-19 17:00:00-02:00,World_Cup,1.0,0.0,1.0,1.0,10,8,4.0,455,1.0,2.0,0.6165311653116531,0.8568738229755178,0.3333333333333333,0.4,0
2057997,12430,12913,2018-06-19 14:00:00-02:00,World_Cup,4.0,1.0,2.0,0.0,8,14,3.0,294,1.0,2.0,0.36658354114713215,0.8121546961325967,0.6666666666666666,0.375,0
2057991,16276,2413,2018-06-18 20:00:00-02:00,World_Cup,6.0,0.0,0.0,0.0,6,14,1.0,272,1.0,2.0,0.3804195804195804,0.8217522658610272,0.75,0.16666666666666666,0
2057990,5629,17929,2018-06-18 17:00:00-02:00,World_Cup,3.0,0.0,3.0,2.0,16,7,6.0,478,3.0,0.0,0.6398929049531459,0.8738574040219378,1.0,0.375,1
2057985,7047,14855,2018-06-18 14:00:00-02:00,World_Cup,0.0,0.0,1.0,0.0,15,5,4.0,356,1.0,0.0,0.5705128205128205,0.8557692307692307,0.0,0.26666666666666666,1
2057984,3148,15473,2018-06-17 17:00:00-02:00,World_Cup,3.0,0.0,2.0,0.0,25,12,9.0,498,0.0,1.0,0.6868965517241379,0.8691099476439791,0.75,0.36,0
2057979,16871,17322,2018-06-17 14:00:00-02:00,World_Cup,3.0,0.0,2.0,0.0,10,10,3.0,363,0.0,1.0,0.5369822485207101,0.8501170960187353,0.75,0.3,0
2057973,9598,16823,2018-06-16 21:00:00-02:00,World_Cup,2.0,0.0,2.0,0.0,10,12,2.0,372,2.0,0.0,0.5360230547550432,0.8230088495575221,1.0,0.2,1
2057967,15594,7712,2018-06-16 18:00:00-02:00,World_Cup,2.0,0.0,1.0,0.0,15,11,6.0,330,0.0,1.0,0.5383360522022839,0.8483290488431876,0.6666666666666666,0.4,0
2057966,4418,8493,2018-06-16 12:00:00-02:00,World_Cup,1.0,0.0,1.0,1.0,11,3,4.0,427,2.0,1.0,0.5611038107752957,0.850597609561753,0.5,0.36363636363636365,1
2057961,16216,10840,2018-06-15 17:00:00-02:00,World_Cup,2.0,0.0,1.0,0.0,13,7,3.0,378,0.0,1.0,0.7368421052631579,0.8669724770642202,0.6666666666666666,0.23076923076923078,0
2057955,16129,15670,2018-06-15 14:00:00-02:00,World_Cup,3.0,0.0,2.0,0.0,7,13,3.0,345,0.0,1.0,0.4087677725118483,0.8194774346793349,0.75,0.42857142857142855,0
2057954,14358,16521,2018-06-14 17:00:00-02:00,World_Cup,0.0,0.0,1.0,2.0,12,7,7.0,243,5.0,0.0,0.34813753581661894,0.7813504823151125,0.0,0.5833333333333334,1
