matchID,team1_ID,team2_ID,tournament,gk_saves_T1,gk_saves_T2,red_card_T1,red_card_T2,yellow_card_T1,yellow_card_T2,assists_T1,assists_T2,shots_T1,shots_T2,shots_on_target_T1,shots_on_target_T2,passes_T1,passes_T2,goals_T1,goals_T2,ball_possession_T1,ball_possession_T2,pass_acc_T1,pass_acc_T2,gk_acc_T1,gk_acc_T2,shot_acc_T1,shot_acc_T2,winner
2058017,4418,9598,World_Cup,1.0,3.0,0.0,0.0,2.0,1.0,0.0,1.0,8,14,6.0,3.0,186,429,4.0,2.0,0.3024390243902439,0.697560975609756,0.7717842323651453,0.8281853281853282,0.3333333333333333,0.42857142857142855,0.75,0.21428571428571427,1
2058016,5629,2413,World_Cup,6.0,2.0,0.0,0.0,1.0,2.0,2.0,0.0,11,14,4.0,5.0,427,593,2.0,0.0,0.41862745098039217,0.5813725490196079,0.8804123711340206,0.9067278287461774,1.0,0.5,0.36363636363636365,0.35714285714285715,1
2058015,9598,2413,World_Cup,1.0,5.0,0.0,0.0,2.0,1.0,2.0,0.0,22,11,7.0,2.0,470,370,2.0,1.0,0.5595238095238095,0.44047619047619047,0.7899159663865546,0.8258928571428571,0.5,0.7142857142857143,0.3181818181818182,0.18181818181818182,1
2058014,4418,5629,World_Cup,2.0,4.0,0.0,0.0,2.0,3.0,1.0,0.0,18,9,5.0,2.0,282,535,1.0,0.0,0.34516523867809057,0.6548347613219094,0.889589905362776,0.9052453468697124,1.0,0.8,0.2777777777777778,0.2222222222222222,1
2058012,14358,9598,World_Cup,1.0,5.0,0.0,0.0,1.0,4.0,1.0,2.0,11,17,6.0,3.0,274,594,2.0,2.0,0.315668202764977,0.684331797235023,0.7548209366391184,0.8307692307692308,0.3333333333333333,0.7142857142857143,0.5454545454545454,0.17647058823529413,0
2058013,7047,2413,World_Cup,0.0,3.0,0.0,0.0,2.0,1.0,0.0,2.0,7,11,3.0,2.0,280,402,0.0,2.0,0.41055718475073316,0.5894428152492669,0.8115942028985508,0.8288659793814434,0.0,1.0,0.42857142857142855,0.18181818181818182,0
2058011,6380,5629,World_Cup,2.0,8.0,0.0,0.0,2.0,2.0,1.0,1.0,25,8,9.0,3.0,437,304,1.0,2.0,0.5897435897435898,0.41025641025641024,0.8775100401606426,0.8735632183908046,0.5,0.8888888888888888,0.36,0.375,0
2058010,15670,4418,World_Cup,0.0,3.0,0.0,0.0,2.0,2.0,0.0,2.0,9,9,3.0,2.0,227,417,0.0,2.0,0.35248447204968947,0.6475155279503105,0.7467105263157895,0.8176470588235294,0.0,1.0,0.3333333333333333,0.2222222222222222,0
2058009,12430,2413,World_Cup,1.0,3.0,0.0,0.0,6.0,2.0,1.0,0.0,13,15,4.0,2.0,406,457,1.0,1.0,0.4704519119351101,0.52954808806489,0.8169014084507042,0.8638941398865785,0.5,0.75,0.3076923076923077,0.13333333333333333,0
2058008,7047,6697,World_Cup,4.0,2.0,0.0,1.0,1.0,2.0,1.0,0.0,12,17,3.0,4.0,192,476,1.0,0.0,0.2874251497005988,0.7125748502994012,0.7773279352226721,0.8530465949820788,1.0,0.6666666666666666,0.25,0.23529411764705882,1
2058007,5629,12913,World_Cup,4.0,4.0,0.0,0.0,0.0,1.0,2.0,1.0,24,9,7.0,4.0,501,377,3.0,2.0,0.570615034168565,0.4293849658314351,0.8758741258741258,0.8726851851851852,0.6666666666666666,0.5714285714285714,0.2916666666666667,0.4444444444444444,1
2058006,6380,15473,World_Cup,1.0,8.0,0.0,0.0,2.0,4.0,1.0,0.0,18,12,10.0,1.0,302,348,2.0,0.0,0.4646153846153846,0.5353846153846153,0.8507042253521127,0.87,1.0,0.8,0.5555555555555556,0.08333333333333333,1
2058005,9598,7712,World_Cup,2.0,7.0,0.0,0.0,0.0,1.0,0.0,1.0,21,15,6.0,3.0,499,424,1.0,1.0,0.5406283856988082,0.4593716143011918,0.8358458961474037,0.8379446640316206,0.6666666666666666,0.875,0.2857142857142857,0.2,1
2058004,1598,14358,World_Cup,0.0,9.0,0.0,0.0,1.0,2.0,0.0,0.0,22,6,9.0,1.0,994,197,1.0,1.0,0.834592779177162,0.16540722082283796,0.922077922077922,0.7547892720306514,0.0,0.9,0.4090909090909091,0.16666666666666666,0
2058002,15670,9905,World_Cup,3.0,1.0,0.0,0.0,0.0,1.0,2.0,1.0,7,19,3.0,4.0,185,455,2.0,1.0,0.2890625,0.7109375,0.7773109243697479,0.845724907063197,0.75,0.3333333333333333,0.42857142857142855,0.21052631578947367,1
2058003,4418,12274,World_Cup,1.0,0.0,0.0,0.0,3.0,5.0,1.0,1.0,8,10,4.0,4.0,290,420,4.0,3.0,0.4084507042253521,0.5915492957746479,0.8656716417910447,0.8641975308641975,0.25,0.0,0.5,0.4,1
2057994,2413,5629,World_Cup,2.0,1.0,0.0,0.0,0.0,2.0,0.0,1.0,10,13,1.0,3.0,393,469,0.0,1.0,0.45591647331786544,0.5440835266821346,0.8694690265486725,0.8984674329501916,0.6666666666666666,1.0,0.1,0.23076923076923078,0
2057995,17929,16276,World_Cup,5.0,4.0,0.0,0.0,3.0,3.0,0.0,2.0,8,15,4.0,7.0,200,514,1.0,2.0,0.2801120448179272,0.7198879551820728,0.7874015748031497,0.8862068965517241,0.7142857142857143,0.8,0.5,0.4666666666666667,0
2058000,12913,13869,World_Cup,2.0,3.0,0.0,0.0,1.0,0.0,0.0,1.0,8,10,3.0,2.0,474,375,0.0,1.0,0.558303886925795,0.4416961130742049,0.8960302457466919,0.8542141230068337,0.6666666666666666,1.0,0.375,0.2,0
2058001,19314,12430,World_Cup,1.0,4.0,0.0,0.0,1.0,1.0,0.0,1.0,7,4,3.0,2.0,219,350,0.0,1.0,0.38488576449912126,0.6151142355008787,0.8171641791044776,0.8454106280193237,0.5,1.0,0.42857142857142855,0.5,0
2057982,17322,6380,World_Cup,4.0,2.0,0.0,0.0,3.0,0.0,0.0,2.0,10,14,2.0,6.0,356,537,0.0,2.0,0.3986562150055991,0.6013437849944009,0.839622641509434,0.8760195758564437,0.6666666666666666,1.0,0.2,0.42857142857142855,0
2057983,6697,16871,World_Cup,5.0,1.0,0.0,0.0,3.0,3.0,2.0,1.0,11,14,3.0,6.0,481,272,2.0,2.0,0.6387782204515272,0.3612217795484728,0.8874538745387454,0.8267477203647416,0.7142857142857143,0.3333333333333333,0.2727272727272727,0.42857142857142855,0
2057989,15473,7047,World_Cup,3.0,3.0,0.0,0.0,3.0,2.0,0.0,0.0,19,14,3.0,5.0,382,149,0.0,3.0,0.71939736346516,0.2806026365348399,0.8507795100222717,0.7198067632850241,0.5,1.0,0.15789473684210525,0.35714285714285715,0
2057988,14855,3148,World_Cup,6.0,3.0,0.0,0.0,4.0,0.0,1.0,0.0,11,25,5.0,6.0,181,605,2.0,0.0,0.23027989821882952,0.7697201017811705,0.8080357142857143,0.8832116788321168,1.0,0.6,0.45454545454545453,0.24,1
2057976,16823,12274,World_Cup,2.0,2.0,0.0,0.0,2.0,3.0,0.0,2.0,9,7,3.0,4.0,191,458,1.0,2.0,0.2942989214175655,0.7057010785824345,0.7892561983471075,0.8403669724770643,0.5,0.6666666666666666,0.3333333333333333,0.5714285714285714,0
2057977,7839,9598,World_Cup,0.0,5.0,0.0,0.0,3.0,2.0,0.0,1.0,17,12,6.0,2.0,222,441,1.0,2.0,0.334841628959276,0.665158371040724,0.7900355871886121,0.8873239436619719,0.0,0.8333333333333334,0.35294117647058826,0.16666666666666666,0
2057971,8493,15594,World_Cup,1.0,2.0,0.0,0.0,4.0,2.0,0.0,2.0,13,4,2.0,3.0,446,330,0.0,2.0,0.5747422680412371,0.4252577319587629,0.87109375,0.8461538461538461,0.3333333333333333,1.0,0.15384615384615385,0.75,0
2057970,7712,4418,World_Cup,4.0,1.0,0.0,0.0,1.0,0.0,0.0,0.0,4,11,1.0,4.0,231,577,0.0,0.0,0.28589108910891087,0.7141089108910891,0.791095890410959,0.8809160305343512,1.0,1.0,0.25,0.36363636363636365,0
2057965,1598,16216,World_Cup,1.0,2.0,0.0,0.0,0.0,6.0,2.0,1.0,15,6,4.0,3.0,661,193,2.0,2.0,0.7740046838407494,0.2259953161592506,0.9206128133704735,0.8502202643171806,0.3333333333333333,0.5,0.26666666666666666,0.5,0
2057964,10840,9905,World_Cup,3.0,1.0,0.0,0.0,2.0,4.0,0.0,0.0,7,12,2.0,3.0,154,520,1.0,1.0,0.228486646884273,0.771513353115727,0.8020833333333334,0.896551724137931,0.75,0.5,0.2857142857142857,0.25,0
2057959,16521,16129,World_Cup,0.0,5.0,0.0,0.0,0.0,2.0,1.0,1.0,22,7,6.0,1.0,559,277,2.0,1.0,0.6686602870813397,0.33133971291866027,0.884493670886076,0.8075801749271136,0.0,0.7142857142857143,0.2727272727272727,0.14285714285714285,1
2057958,15670,14358,World_Cup,1.0,5.0,0.0,1.0,1.0,3.0,0.0,0.0,14,3,6.0,1.0,405,271,3.0,0.0,0.599112426035503,0.40088757396449703,0.869098712446352,0.8287461773700305,1.0,0.625,0.42857142857142855,0.3333333333333333,1
2057998,13869,12430,World_Cup,1.0,2.0,0.0,0.0,2.0,0.0,0.0,3.0,7,13,2.0,4.0,330,416,0.0,3.0,0.44235924932975873,0.5576407506702413,0.8188585607940446,0.8336673346693386,0.25,1.0,0.2857142857142857,0.3076923076923077,0
2057999,12913,19314,World_Cup,5.0,1.0,0.0,0.0,2.0,3.0,2.0,1.0,7,12,3.0,7.0,364,257,2.0,2.0,0.5861513687600645,0.4138486312399356,0.8564705882352941,0.803125,0.7142857142857143,0.3333333333333333,0.42857142857142855,0.5833333333333334,0
2057993,2413,17929,World_Cup,1.0,1.0,0.0,0.0,1.0,3.0,3.0,1.0,12,7,7.0,1.0,527,334,6.0,1.0,0.6120789779326364,0.3879210220673635,0.9427549194991055,0.893048128342246,0.5,0.14285714285714285,0.5833333333333334,0.14285714285714285,1
2057986,3148,7047,World_Cup,4.0,4.0,1.0,0.0,2.0,2.0,0.0,1.0,17,6,5.0,5.0,602,153,2.0,1.0,0.7973509933774835,0.20264900662251656,0.887905604719764,0.7536945812807881,0.8,0.6666666666666666,0.29411764705882354,0.8333333333333334,1
2057987,14855,15473,World_Cup,2.0,6.0,0.0,0.0,4.0,0.0,0.0,1.0,17,12,6.0,4.0,267,401,1.0,2.0,0.3997005988023952,0.6002994011976048,0.8140243902439024,0.8930957683741648,0.5,0.8571428571428571,0.35294117647058826,0.3333333333333333,0
2057992,5629,16276,World_Cup,3.0,7.0,0.0,0.0,0.0,1.0,4.0,2.0,23,12,12.0,5.0,358,350,5.0,2.0,0.5056497175141242,0.4943502824858757,0.8384074941451991,0.8158508158508159,0.6,0.5833333333333334,0.5217391304347826,0.4166666666666667,1
2057981,17322,6697,World_Cup,3.0,2.0,0.0,0.0,4.0,1.0,1.0,0.0,11,19,3.0,5.0,228,429,1.0,2.0,0.3470319634703196,0.6529680365296804,0.8201438848920863,0.868421052631579,0.6,0.6666666666666666,0.2727272727272727,0.2631578947368421,0
2057975,16823,7839,World_Cup,3.0,2.0,0.0,0.0,1.0,0.0,1.0,0.0,16,9,4.0,3.0,394,225,2.0,0.0,0.6365105008077544,0.36348949919224555,0.8565217391304348,0.7758620689655172,1.0,0.5,0.25,0.3333333333333333,1
2057980,6380,16871,World_Cup,0.0,7.0,0.0,0.0,2.0,1.0,2.0,0.0,21,3,9.0,0.0,635,202,2.0,0.0,0.7586618876941458,0.24133811230585425,0.9176300578034682,0.753731343283582,0.0,0.7777777777777778,0.42857142857142855,0.0,1
2057974,12274,9598,World_Cup,2.0,3.0,0.0,0.0,3.0,4.0,0.0,1.0,10,14,3.0,5.0,393,261,0.0,3.0,0.6009174311926605,0.39908256880733944,0.8256302521008403,0.781437125748503,0.4,1.0,0.3,0.35714285714285715,0
2057968,4418,15594,World_Cup,2.0,3.0,0.0,0.0,2.0,2.0,0.0,0.0,12,10,4.0,2.0,304,420,1.0,0.0,0.4198895027624309,0.580110497237569,0.8194070080862533,0.8416833667334669,1.0,0.75,0.3333333333333333,0.2,1
2057969,7712,8493,World_Cup,3.0,5.0,0.0,0.0,2.0,0.0,1.0,0.0,10,13,5.0,4.0,387,417,1.0,1.0,0.48134328358208955,0.5186567164179104,0.8937644341801386,0.8633540372670807,0.75,0.8333333333333334,0.5,0.3076923076923077,0
2057963,10840,1598,World_Cup,2.0,0.0,0.0,0.0,2.0,0.0,0.0,0.0,5,15,0.0,3.0,145,683,0.0,1.0,0.1751207729468599,0.8248792270531401,0.7213930348258707,0.8986842105263158,0.6666666666666666,0.0,0.0,0.2,0
2057957,15670,16521,World_Cup,3.0,3.0,0.0,0.0,0.0,0.0,1.0,0.0,14,8,4.0,3.0,410,482,1.0,0.0,0.45964125560538116,0.5403587443946188,0.8668076109936576,0.8716094032549728,1.0,0.75,0.2857142857142857,0.375,1
2057962,9905,16216,World_Cup,4.0,1.0,0.0,0.0,1.0,1.0,1.0,0.0,10,16,2.0,4.0,286,365,1.0,0.0,0.4393241167434716,0.5606758832565284,0.7922437673130194,0.8220720720720721,1.0,0.5,0.2,0.25,1
2057956,14358,16129,World_Cup,0.0,2.0,0.0,0.0,1.0,1.0,2.0,0.0,12,13,4.0,1.0,311,348,3.0,1.0,0.47192716236722304,0.5280728376327769,0.8077922077922078,0.8285714285714286,0.0,0.4,0.3333333333333333,0.07692307692307693,1
2057996,13869,19314,World_Cup,1.0,3.0,0.0,0.0,1.0,2.0,1.0,0.0,10,8,4.0,2.0,455,283,1.0,2.0,0.6165311653116531,0.38346883468834686,0.8568738229755178,0.8108882521489972,0.3333333333333333,0.75,0.4,0.25,0
2057997,12430,12913,World_Cup,4.0,2.0,1.0,0.0,2.0,1.0,0.0,1.0,8,14,3.0,5.0,294,508,1.0,2.0,0.36658354114713215,0.6334164588528678,0.8121546961325967,0.8881118881118881,0.6666666666666666,0.6666666666666666,0.375,0.35714285714285715,0
2057991,16276,2413,World_Cup,6.0,0.0,0.0,0.0,0.0,1.0,0.0,1.0,6,14,1.0,8.0,272,443,1.0,2.0,0.3804195804195804,0.6195804195804195,0.8217522658610272,0.878968253968254,0.75,0.0,0.16666666666666666,0.5714285714285714,0
2057990,5629,17929,World_Cup,3.0,3.0,0.0,0.0,3.0,5.0,2.0,0.0,16,7,6.0,3.0,478,269,3.0,0.0,0.6398929049531459,0.36010709504685406,0.8738574040219378,0.8251533742331288,1.0,0.5,0.375,0.42857142857142855,1
2057985,7047,14855,World_Cup,0.0,3.0,0.0,0.0,1.0,2.0,0.0,0.0,15,5,4.0,0.0,356,268,1.0,0.0,0.5705128205128205,0.42948717948717946,0.8557692307692307,0.8023952095808383,0.0,0.75,0.26666666666666666,0.0,1
2057978,6380,6697,World_Cup,1.0,4.0,0.0,0.0,1.0,3.0,0.0,1.0,19,6,4.0,2.0,452,352,1.0,1.0,0.5621890547263682,0.43781094527363185,0.8709055876685935,0.8282352941176471,0.5,0.8,0.21052631578947367,0.3333333333333333,0
2057984,3148,15473,World_Cup,3.0,10.0,0.0,0.0,2.0,2.0,0.0,1.0,25,12,9.0,4.0,498,227,0.0,1.0,0.6868965517241379,0.31310344827586206,0.8691099476439791,0.8194945848375451,0.75,1.0,0.36,0.3333333333333333,0
2057979,16871,17322,World_Cup,3.0,3.0,0.0,0.0,2.0,2.0,0.0,0.0,10,10,3.0,2.0,363,313,0.0,1.0,0.5369822485207101,0.4630177514792899,0.8501170960187353,0.8258575197889182,0.75,1.0,0.3,0.2,0
2057973,9598,16823,World_Cup,2.0,1.0,0.0,0.0,2.0,1.0,0.0,0.0,10,12,2.0,2.0,372,322,2.0,0.0,0.5360230547550432,0.46397694524495675,0.8230088495575221,0.8541114058355438,1.0,0.3333333333333333,0.2,0.16666666666666666,1
2057967,15594,7712,World_Cup,2.0,6.0,0.0,0.0,1.0,2.0,0.0,1.0,15,11,6.0,3.0,330,283,0.0,1.0,0.5383360522022839,0.46166394779771613,0.8483290488431876,0.8397626112759644,0.6666666666666666,1.0,0.4,0.2727272727272727,0
2057972,12274,7839,World_Cup,1.0,7.0,0.0,0.0,0.0,0.0,0.0,0.0,26,8,6.0,2.0,675,141,1.0,1.0,0.8272058823529411,0.17279411764705882,0.907258064516129,0.7704918032786885,0.5,0.875,0.23076923076923078,0.25,0
2057966,4418,8493,World_Cup,1.0,3.0,0.0,0.0,1.0,3.0,1.0,0.0,11,3,4.0,1.0,427,334,2.0,1.0,0.5611038107752957,0.43889618922470436,0.850597609561753,0.8048192771084337,0.5,0.6,0.36363636363636365,0.3333333333333333,1
2057960,9905,1598,World_Cup,2.0,0.0,0.0,0.0,1.0,1.0,0.0,1.0,8,12,3.0,5.0,300,689,3.0,3.0,0.3033367037411527,0.6966632962588474,0.8595988538681948,0.9374149659863945,0.4,0.0,0.375,0.4166666666666667,0
2057961,16216,10840,World_Cup,2.0,3.0,0.0,0.0,1.0,3.0,0.0,0.0,13,7,3.0,2.0,378,135,0.0,1.0,0.7368421052631579,0.2631578947368421,0.8669724770642202,0.6958762886597938,0.6666666666666666,1.0,0.23076923076923078,0.2857142857142857,0
2057955,16129,15670,World_Cup,3.0,3.0,0.0,0.0,2.0,0.0,0.0,1.0,7,13,3.0,4.0,345,499,0.0,1.0,0.4087677725118483,0.5912322274881516,0.8194774346793349,0.8618307426597582,0.75,1.0,0.42857142857142855,0.3076923076923077,0
2057954,14358,16521,World_Cup,0.0,2.0,0.0,0.0,1.0,1.0,2.0,0.0,12,7,7.0,0.0,243,455,5.0,0.0,0.34813753581661894,0.6518624641833811,0.7813504823151125,0.8817829457364341,0.0,0.2857142857142857,0.5833333333333334,0.0,1
